tool	JPF svcomp@766cc2a	JPF svcomp@766cc2a	JPF svcomp@766cc2a	JPF svcomp@766cc2a
run set	objects	objects	objects	objects
results/objects/	status	cputime (s)	walltime (s)	memory (MB)
objects01	unknown	0.000000	0.000000	0.000000
objects02	unknown	0.000000	0.000000	0.000000
objects03	unknown	0.000000	0.000000	0.000000
objects04	unknown	0.000000	0.000000	0.000000
objects05	unknown	0.000000	0.000000	0.000000
objects06	unknown	0.000000	0.000000	0.000000
objects07	unknown	0.000000	0.000000	0.000000
objects08	unknown	0.000000	0.000000	0.000000
objects09	unknown	0.000000	0.000000	0.000000
objects10	unknown	0.000000	0.000000	0.000000
objects11	unknown	0.000000	0.000000	0.000000
objects12	unknown	0.000000	0.000000	0.000000
objects13	unknown	0.000000	0.000000	0.000000
objects14	unknown	0.000000	0.000000	0.000000
